term,estimate,std.error,statistic,p.value
(Intercept),-3.515558007043218,0.6701654602522912,-5.245806021873684,1.9006615742086393e-7
log_avg_haus,1.1852425050313027,0.12331396486814099,9.61158378370752,5.6189579825403615e-21
mahalanobis,3.7800104038148774,0.3858764778192207,9.795907812721808,1.0779325683527818e-21
euclidean,-0.022960392564283495,0.0030099364775148896,-7.628198380864307,5.5494249257202176e-14
